{"inputUnits":[34],"outputUnits":2,"inputs":{"0":{"dtype":"number","min":293.22839153207997,"max":337.30801736634606},"1":{"dtype":"number","min":155.25755735401054,"max":198.12455576995194},"2":{"dtype":"number","min":304.415279038933,"max":351.94491499813444},"3":{"dtype":"number","min":149.83422946744028,"max":191.95908038936858},"4":{"dtype":"number","min":279.681731608876,"max":326.1450338084795},"5":{"dtype":"number","min":147.45690180311888,"max":186.69903849997712},"6":{"dtype":"number","min":321.01424471909075,"max":365.75870387503045},"7":{"dtype":"number","min":175.61976442095363,"max":209.40723738939903},"8":{"dtype":"number","min":261.348472877785,"max":304.3469056841458},"9":{"dtype":"number","min":168.3144850108126,"max":204.56443682516294},"10":{"dtype":"number","min":343.8695102267795,"max":389.9984402126736},"11":{"dtype":"number","min":245.71440996017606,"max":270.3245999520285},"12":{"dtype":"number","min":245.28056421707478,"max":276.4898399070457},"13":{"dtype":"number","min":243.02522001210707,"max":266.28700181987085},"14":{"dtype":"number","min":399.65902049639067,"max":466.25552409805977},"15":{"dtype":"number","min":187.92577315956993,"max":218.82111488029972},"16":{"dtype":"number","min":183.31513700429457,"max":217.47395684612192},"17":{"dtype":"number","min":181.75794813368054,"max":229.92594282064755},"18":{"dtype":"number","min":348.83844743695175,"max":504.55729166666663},"19":{"dtype":"number","min":66.15101715742261,"max":129.43549619083515},"20":{"dtype":"number","min":168.045822054322,"max":261.3787948876096},"21":{"dtype":"number","min":45.17507452713815,"max":138.17206726669102},"22":{"dtype":"number","min":325.1132826777229,"max":375.15123006660804},"23":{"dtype":"number","min":417.19217430546036,"max":457.1645374558358},"24":{"dtype":"number","min":267.5268269142909,"max":309.3406002052114},"25":{"dtype":"number","min":428.95627741228066,"max":462.5576086211622},"26":{"dtype":"number","min":266.21072096201874,"max":357.93830529523404},"27":{"dtype":"number","min":472.64145641066636,"max":549.1022281758269},"28":{"dtype":"number","min":255.01944647894965,"max":316.9100424188387},"29":{"dtype":"number","min":513.5468237209506,"max":552.1652727331566},"30":{"dtype":"number","min":257.53894575390433,"max":359.34453678874706},"31":{"dtype":"number","min":534.4493150618108,"max":556.3484987552634},"32":{"dtype":"number","min":259.6902501513386,"max":320.79802425748886},"33":{"dtype":"number","min":553.8164587188185,"max":556.4718238280298}},"outputs":{"0":{"dtype":"string","min":0,"max":1,"uniqueValues":["o","x"],"legend":{"o":[1,0],"x":[0,1]}}},"isNormalized":true}